tipo,color,talla,planta
Pantalón Deportivo,Blanco,L,DyeDreams Factory
Pantalón Cargo,Verde,L,FiberWorks Manufacturing
Jeans,Azul,S,LinenLoom Productions
Pantalón Cargo,Gris,XL,DyeDreams Factory
Pantalón Deportivo,Negro,S,TelaTech Factory
Pantalón Cargo,Azul Claro,XL,FiberWorks Manufacturing
Pantalón de Vestir,Gris Oscuro,XL,SilkStream Textiles
Pantalón Cargo,Azul,M,TelaTech Factory
Shorts,Azul,XL,FiberWorks Manufacturing
Pantalón Cargo,Negro,L,TelaTech Factory
Pantalón Cargo,Negro,S,CottonCraft Works
Jeans,Blanco,XL,ThreadTide Textile Mill
Pantalón Cargo,Gris Oscuro,S,YarnYield Manufacturing
Jeans,Gris Oscuro,M,TelaTech Factory
Jeans,Gris,M,KnitNest Textile Co.
Jeans,Gris,XL,LinenLoom Productions
Pantalón Cargo,Negro,S,CottonCraft Works
Shorts,Blanco,XL,CottonCraft Works
Pantalón de Vestir,Verde,M,KnitNest Textile Co.
Jeans,Azul Claro,S,SilkStream Textiles
Pantalón Cargo,Verde,L,DyeDreams Factory
Pantalón Cargo,Verde,XL,DyeDreams Factory
Jeans,Gris Oscuro,L,SilkStream Textiles
Jeans,Azul,S,WeaveWave Fabrics
Pantalón Cargo,Blanco,S,YarnYield Manufacturing
Shorts,Verde,L,LinenLoom Productions
Pantalón Cargo,Gris,L,SilkStream Textiles
Leggings,Verde,S,YarnYield Manufacturing
Pantalón Deportivo,Blanco,M,FiberWorks Manufacturing
Pantalón Deportivo,Verde,XL,CottonCraft Works
Shorts,Gris,S,FiberWorks Manufacturing
Leggings,Gris Oscuro,S,LinenLoom Productions
Pantalón Cargo,Verde,L,DyeDreams Factory
Shorts,Gris,L,FiberWorks Manufacturing
Pantalón de Vestir,Verde,XL,FiberWorks Manufacturing
Jeans,Gris Oscuro,M,YarnYield Manufacturing
Pantalón Cargo,Negro,XL,WeaveWave Fabrics
Jeans,Azul Claro,L,SilkStream Textiles
Pantalón Deportivo,Azul Claro,XL,LinenLoom Productions
Pantalón de Vestir,Verde,S,ThreadTide Textile Mill
Pantalón Deportivo,Gris,XL,LinenLoom Productions
Pantalón de Vestir,Gris Oscuro,M,SilkStream Textiles
Jeans,Verde,S,ThreadTide Textile Mill
Pantalón de Vestir,Negro,XL,KnitNest Textile Co.
Pantalón Deportivo,Verde,L,TelaTech Factory
Shorts,Gris Oscuro,S,SilkStream Textiles
Pantalón de Vestir,Verde,XL,TelaTech Factory
Jeans,Azul,XL,YarnYield Manufacturing
Pantalón de Vestir,Gris Oscuro,L,SilkStream Textiles
Pantalón de Vestir,Verde,L,FiberWorks Manufacturing
Pantalón de Vestir,Blanco,L,FiberWorks Manufacturing
Pantalón Cargo,Verde,M,DyeDreams Factory
Pantalón de Vestir,Blanco,L,ThreadTide Textile Mill
Leggings,Azul Claro,S,FiberWorks Manufacturing
Pantalón de Vestir,Blanco,S,YarnYield Manufacturing
Pantalón Cargo,Gris Oscuro,XL,DyeDreams Factory
Leggings,Azul Claro,XL,CottonCraft Works
Pantalón Deportivo,Azul,S,WeaveWave Fabrics
Jeans,Blanco,XL,WeaveWave Fabrics
Pantalón Deportivo,Azul,M,KnitNest Textile Co.
Shorts,Gris,XL,ThreadTide Textile Mill
Pantalón Cargo,Verde,XL,SilkStream Textiles
Leggings,Gris,L,WeaveWave Fabrics
Shorts,Negro,L,CottonCraft Works
Pantalón Deportivo,Gris Oscuro,M,FiberWorks Manufacturing
Leggings,Azul Claro,S,KnitNest Textile Co.
Pantalón Deportivo,Negro,S,LinenLoom Productions
Pantalón de Vestir,Gris Oscuro,M,WeaveWave Fabrics
Pantalón Cargo,Azul,L,LinenLoom Productions
Pantalón de Vestir,Gris,S,LinenLoom Productions
Shorts,Gris Oscuro,XL,TelaTech Factory
Pantalón Cargo,Verde,L,LinenLoom Productions
Pantalón Cargo,Azul,XL,ThreadTide Textile Mill
Jeans,Negro,M,ThreadTide Textile Mill
Leggings,Gris Oscuro,S,YarnYield Manufacturing
Pantalón Deportivo,Gris Oscuro,XL,YarnYield Manufacturing
Shorts,Gris Oscuro,XL,CottonCraft Works
Pantalón de Vestir,Gris,M,LinenLoom Productions
Jeans,Azul Claro,M,YarnYield Manufacturing
Shorts,Gris,XL,SilkStream Textiles
Pantalón Deportivo,Gris,L,SilkStream Textiles
Pantalón Deportivo,Verde,XL,CottonCraft Works
Leggings,Gris,XL,TelaTech Factory
Shorts,Gris Oscuro,XL,FiberWorks Manufacturing
Leggings,Negro,M,CottonCraft Works
Leggings,Verde,S,ThreadTide Textile Mill
Pantalón de Vestir,Negro,S,DyeDreams Factory
Jeans,Gris Oscuro,S,SilkStream Textiles
Shorts,Azul Claro,S,KnitNest Textile Co.
Pantalón Cargo,Blanco,S,SilkStream Textiles
Pantalón Deportivo,Gris,S,KnitNest Textile Co.
Pantalón de Vestir,Gris,M,FiberWorks Manufacturing
Jeans,Gris Oscuro,M,YarnYield Manufacturing
Leggings,Gris Oscuro,M,WeaveWave Fabrics
Jeans,Gris,L,ThreadTide Textile Mill
Leggings,Azul Claro,M,SilkStream Textiles
Shorts,Blanco,XL,FiberWorks Manufacturing
Shorts,Azul Claro,XL,SilkStream Textiles
Jeans,Verde,L,SilkStream Textiles
Pantalón de Vestir,Gris,S,LinenLoom Productions
Jeans,Blanco,XL,WeaveWave Fabrics
Jeans,Negro,L,YarnYield Manufacturing
Pantalón Deportivo,Blanco,S,TelaTech Factory
Pantalón Cargo,Gris Oscuro,L,DyeDreams Factory
Pantalón de Vestir,Blanco,M,TelaTech Factory
Pantalón Cargo,Gris,L,WeaveWave Fabrics
Leggings,Verde,M,ThreadTide Textile Mill
Leggings,Blanco,M,SilkStream Textiles
Pantalón Cargo,Negro,M,LinenLoom Productions
Shorts,Verde,L,KnitNest Textile Co.
Pantalón de Vestir,Gris,M,ThreadTide Textile Mill
Shorts,Blanco,S,ThreadTide Textile Mill
Pantalón Cargo,Verde,L,FiberWorks Manufacturing
Jeans,Blanco,M,SilkStream Textiles
Pantalón Cargo,Gris,XL,DyeDreams Factory
Pantalón Cargo,Blanco,M,KnitNest Textile Co.
Shorts,Negro,XL,DyeDreams Factory
Leggings,Blanco,M,KnitNest Textile Co.
Leggings,Verde,L,ThreadTide Textile Mill
Pantalón Deportivo,Verde,L,YarnYield Manufacturing
Shorts,Azul,XL,YarnYield Manufacturing
Jeans,Gris Oscuro,L,TelaTech Factory
Pantalón de Vestir,Gris,XL,LinenLoom Productions
Pantalón de Vestir,Negro,S,YarnYield Manufacturing
Shorts,Negro,S,TelaTech Factory
Pantalón de Vestir,Verde,M,KnitNest Textile Co.
Pantalón Cargo,Gris Oscuro,XL,ThreadTide Textile Mill
Pantalón Deportivo,Verde,XL,LinenLoom Productions
Jeans,Negro,L,KnitNest Textile Co.
Pantalón de Vestir,Azul Claro,S,YarnYield Manufacturing
Pantalón Deportivo,Gris,S,CottonCraft Works
Pantalón de Vestir,Gris,L,FiberWorks Manufacturing
Pantalón Cargo,Gris,M,ThreadTide Textile Mill
Pantalón de Vestir,Negro,XL,YarnYield Manufacturing
Jeans,Blanco,M,ThreadTide Textile Mill
Pantalón Cargo,Verde,L,ThreadTide Textile Mill
Shorts,Gris,M,CottonCraft Works
Pantalón de Vestir,Negro,S,YarnYield Manufacturing
Pantalón Cargo,Azul Claro,S,DyeDreams Factory
Pantalón Deportivo,Negro,L,KnitNest Textile Co.
Jeans,Verde,S,DyeDreams Factory
Pantalón Deportivo,Azul Claro,M,ThreadTide Textile Mill
Pantalón Cargo,Azul Claro,L,SilkStream Textiles
Jeans,Gris,XL,KnitNest Textile Co.
Shorts,Gris Oscuro,S,WeaveWave Fabrics
Pantalón Deportivo,Azul Claro,XL,KnitNest Textile Co.
Shorts,Azul Claro,M,FiberWorks Manufacturing
Pantalón de Vestir,Gris Oscuro,S,CottonCraft Works
Jeans,Gris Oscuro,S,ThreadTide Textile Mill
Leggings,Gris,L,FiberWorks Manufacturing
Shorts,Gris,M,KnitNest Textile Co.
Pantalón de Vestir,Gris Oscuro,L,ThreadTide Textile Mill
Leggings,Azul,S,CottonCraft Works
Shorts,Blanco,M,ThreadTide Textile Mill
Pantalón de Vestir,Blanco,L,LinenLoom Productions
Pantalón Cargo,Gris Oscuro,L,TelaTech Factory
Pantalón Cargo,Azul,S,YarnYield Manufacturing
Jeans,Azul,L,LinenLoom Productions
Pantalón de Vestir,Azul Claro,M,CottonCraft Works
Leggings,Verde,XL,TelaTech Factory
Pantalón Deportivo,Azul,XL,ThreadTide Textile Mill
Leggings,Blanco,L,FiberWorks Manufacturing
Pantalón de Vestir,Azul,L,KnitNest Textile Co.
Pantalón de Vestir,Gris Oscuro,XL,DyeDreams Factory
Pantalón de Vestir,Gris Oscuro,L,LinenLoom Productions
Pantalón de Vestir,Azul,L,YarnYield Manufacturing
Pantalón Deportivo,Verde,XL,KnitNest Textile Co.
Pantalón Cargo,Gris,S,DyeDreams Factory
Pantalón Cargo,Gris,XL,TelaTech Factory
Pantalón de Vestir,Verde,S,CottonCraft Works
Leggings,Azul Claro,S,LinenLoom Productions
Leggings,Gris Oscuro,XL,ThreadTide Textile Mill
Pantalón de Vestir,Verde,XL,LinenLoom Productions
Pantalón Deportivo,Gris,L,DyeDreams Factory
Leggings,Azul Claro,XL,SilkStream Textiles
Jeans,Azul Claro,XL,SilkStream Textiles
Shorts,Azul,M,SilkStream Textiles
Shorts,Gris,L,CottonCraft Works
Shorts,Verde,L,CottonCraft Works
Pantalón Deportivo,Gris Oscuro,S,TelaTech Factory
Leggings,Verde,S,ThreadTide Textile Mill
Pantalón Cargo,Blanco,L,ThreadTide Textile Mill
Jeans,Gris,L,KnitNest Textile Co.
Shorts,Verde,M,FiberWorks Manufacturing
Pantalón Deportivo,Verde,S,FiberWorks Manufacturing
Leggings,Gris,XL,KnitNest Textile Co.
Jeans,Azul,M,ThreadTide Textile Mill
Leggings,Azul Claro,M,LinenLoom Productions
Leggings,Azul Claro,L,FiberWorks Manufacturing
Shorts,Gris,XL,WeaveWave Fabrics
Shorts,Azul,XL,CottonCraft Works
Jeans,Azul Claro,M,SilkStream Textiles
Jeans,Azul Claro,M,YarnYield Manufacturing
Pantalón Deportivo,Verde,XL,SilkStream Textiles
Shorts,Azul,M,ThreadTide Textile Mill
Pantalón Cargo,Blanco,L,YarnYield Manufacturing
Jeans,Blanco,M,WeaveWave Fabrics
Leggings,Verde,XL,LinenLoom Productions
Leggings,Blanco,S,TelaTech Factory
Shorts,Azul Claro,XL,CottonCraft Works
Pantalón de Vestir,Gris Oscuro,L,CottonCraft Works
Pantalón Deportivo,Negro,S,ThreadTide Textile Mill
Pantalón de Vestir,Gris Oscuro,L,ThreadTide Textile Mill
Pantalón Deportivo,Gris,L,TelaTech Factory
Pantalón Deportivo,Gris Oscuro,XL,YarnYield Manufacturing
Pantalón Deportivo,Verde,L,SilkStream Textiles
Shorts,Blanco,XL,LinenLoom Productions
Shorts,Negro,S,SilkStream Textiles
Shorts,Gris Oscuro,S,WeaveWave Fabrics
Pantalón Deportivo,Gris Oscuro,M,ThreadTide Textile Mill
Leggings,Verde,S,YarnYield Manufacturing
Pantalón de Vestir,Gris Oscuro,M,CottonCraft Works
Shorts,Blanco,XL,KnitNest Textile Co.
Pantalón Deportivo,Azul Claro,L,LinenLoom Productions
Shorts,Gris Oscuro,M,YarnYield Manufacturing
Pantalón Cargo,Gris,M,YarnYield Manufacturing
Jeans,Blanco,XL,KnitNest Textile Co.
Pantalón Deportivo,Gris Oscuro,M,WeaveWave Fabrics
Jeans,Azul Claro,L,CottonCraft Works
Jeans,Negro,S,SilkStream Textiles
Pantalón Deportivo,Verde,L,FiberWorks Manufacturing
Shorts,Verde,L,WeaveWave Fabrics
Pantalón Cargo,Gris,M,YarnYield Manufacturing
Pantalón Deportivo,Azul Claro,XL,DyeDreams Factory
Pantalón de Vestir,Verde,XL,YarnYield Manufacturing
Jeans,Azul Claro,L,YarnYield Manufacturing
Pantalón de Vestir,Azul,XL,WeaveWave Fabrics
Jeans,Gris Oscuro,L,FiberWorks Manufacturing
Pantalón Deportivo,Negro,XL,FiberWorks Manufacturing
Pantalón Deportivo,Negro,XL,TelaTech Factory
Shorts,Negro,L,ThreadTide Textile Mill
Pantalón Cargo,Negro,XL,CottonCraft Works
Pantalón Deportivo,Blanco,L,FiberWorks Manufacturing
Pantalón Cargo,Azul Claro,L,WeaveWave Fabrics
Pantalón Deportivo,Azul Claro,M,TelaTech Factory
Leggings,Blanco,S,DyeDreams Factory
Pantalón Cargo,Verde,S,YarnYield Manufacturing
Pantalón Deportivo,Blanco,L,DyeDreams Factory
Pantalón Cargo,Azul Claro,XL,DyeDreams Factory
Leggings,Blanco,L,YarnYield Manufacturing
Shorts,Azul,L,CottonCraft Works
Pantalón Deportivo,Azul,XL,FiberWorks Manufacturing
Pantalón Deportivo,Gris,XL,FiberWorks Manufacturing
Shorts,Gris,L,YarnYield Manufacturing
Pantalón de Vestir,Azul,XL,CottonCraft Works
Jeans,Negro,L,TelaTech Factory
Pantalón de Vestir,Azul,S,KnitNest Textile Co.
Jeans,Gris Oscuro,L,WeaveWave Fabrics
Pantalón Deportivo,Verde,XL,YarnYield Manufacturing
Shorts,Azul Claro,XL,YarnYield Manufacturing
Pantalón de Vestir,Blanco,XL,YarnYield Manufacturing
Leggings,Negro,XL,ThreadTide Textile Mill
Pantalón Deportivo,Verde,S,SilkStream Textiles
Pantalón Deportivo,Gris Oscuro,L,LinenLoom Productions
Pantalón Cargo,Azul,S,DyeDreams Factory
Pantalón de Vestir,Gris Oscuro,L,SilkStream Textiles
Pantalón de Vestir,Gris Oscuro,L,ThreadTide Textile Mill
Jeans,Verde,L,WeaveWave Fabrics
Leggings,Negro,XL,SilkStream Textiles
Jeans,Blanco,M,CottonCraft Works
Pantalón Cargo,Azul Claro,S,WeaveWave Fabrics
Pantalón Cargo,Azul,XL,FiberWorks Manufacturing
Shorts,Azul,S,LinenLoom Productions
Leggings,Negro,L,TelaTech Factory
Pantalón Cargo,Verde,XL,WeaveWave Fabrics
Pantalón de Vestir,Verde,L,DyeDreams Factory
Jeans,Azul,M,TelaTech Factory
Pantalón Cargo,Azul Claro,M,CottonCraft Works
Pantalón de Vestir,Gris Oscuro,S,LinenLoom Productions
Pantalón Cargo,Gris,XL,KnitNest Textile Co.
Shorts,Gris,XL,LinenLoom Productions
Jeans,Blanco,XL,KnitNest Textile Co.
Pantalón Cargo,Azul Claro,M,SilkStream Textiles
Pantalón Deportivo,Gris Oscuro,L,KnitNest Textile Co.
Pantalón Cargo,Azul,M,CottonCraft Works
Jeans,Azul,XL,TelaTech Factory
Pantalón Cargo,Gris Oscuro,M,DyeDreams Factory
Pantalón de Vestir,Negro,XL,ThreadTide Textile Mill
Pantalón Deportivo,Gris,L,TelaTech Factory
Pantalón de Vestir,Verde,XL,WeaveWave Fabrics
Jeans,Negro,M,ThreadTide Textile Mill
Pantalón Deportivo,Negro,XL,YarnYield Manufacturing
Pantalón Deportivo,Negro,M,DyeDreams Factory
Pantalón Deportivo,Gris Oscuro,M,CottonCraft Works
Pantalón de Vestir,Verde,M,TelaTech Factory
Shorts,Gris,S,WeaveWave Fabrics
Pantalón Deportivo,Negro,M,KnitNest Textile Co.
Jeans,Gris,S,WeaveWave Fabrics
Pantalón Cargo,Azul Claro,M,DyeDreams Factory
Pantalón de Vestir,Verde,S,FiberWorks Manufacturing
Leggings,Gris Oscuro,M,DyeDreams Factory
Pantalón Deportivo,Verde,XL,TelaTech Factory
Pantalón de Vestir,Blanco,XL,DyeDreams Factory
Pantalón de Vestir,Azul,XL,ThreadTide Textile Mill
Leggings,Gris,S,SilkStream Textiles
Shorts,Negro,M,SilkStream Textiles
Pantalón Cargo,Verde,M,LinenLoom Productions
Shorts,Negro,M,FiberWorks Manufacturing
Pantalón de Vestir,Gris,L,SilkStream Textiles
Shorts,Negro,S,WeaveWave Fabrics
Leggings,Azul,L,TelaTech Factory
Leggings,Gris Oscuro,L,WeaveWave Fabrics
Leggings,Verde,XL,TelaTech Factory
Jeans,Negro,S,FiberWorks Manufacturing
Jeans,Gris,XL,TelaTech Factory
Jeans,Negro,XL,KnitNest Textile Co.
Leggings,Negro,M,WeaveWave Fabrics
Jeans,Azul Claro,L,SilkStream Textiles
Jeans,Gris Oscuro,XL,CottonCraft Works
Pantalón Cargo,Gris,L,SilkStream Textiles
Pantalón Cargo,Verde,S,FiberWorks Manufacturing
Pantalón de Vestir,Negro,XL,FiberWorks Manufacturing
Pantalón Cargo,Gris Oscuro,M,SilkStream Textiles
Pantalón Deportivo,Azul,L,SilkStream Textiles
Shorts,Azul Claro,L,CottonCraft Works
Pantalón Cargo,Gris Oscuro,S,WeaveWave Fabrics
Pantalón Cargo,Gris,S,ThreadTide Textile Mill
Leggings,Azul,M,CottonCraft Works
Pantalón Cargo,Blanco,XL,CottonCraft Works
Pantalón de Vestir,Verde,L,CottonCraft Works
Pantalón Cargo,Azul,XL,FiberWorks Manufacturing
Pantalón de Vestir,Blanco,XL,LinenLoom Productions
Pantalón Cargo,Verde,L,SilkStream Textiles
Jeans,Azul,S,SilkStream Textiles
Jeans,Gris,XL,YarnYield Manufacturing
Pantalón Deportivo,Verde,S,CottonCraft Works
Pantalón de Vestir,Azul,L,FiberWorks Manufacturing
Pantalón Cargo,Azul Claro,S,ThreadTide Textile Mill
Leggings,Blanco,L,TelaTech Factory
Pantalón de Vestir,Gris,S,ThreadTide Textile Mill
Shorts,Gris,S,LinenLoom Productions
Shorts,Verde,S,YarnYield Manufacturing
Leggings,Azul,M,LinenLoom Productions
Pantalón Cargo,Gris,XL,SilkStream Textiles
Pantalón Cargo,Verde,XL,ThreadTide Textile Mill
Jeans,Blanco,L,FiberWorks Manufacturing
Pantalón de Vestir,Gris Oscuro,XL,YarnYield Manufacturing
Jeans,Negro,L,CottonCraft Works
Shorts,Negro,S,LinenLoom Productions
Pantalón Deportivo,Negro,XL,SilkStream Textiles
Pantalón Cargo,Gris,XL,KnitNest Textile Co.
Pantalón Cargo,Gris,S,CottonCraft Works
Pantalón Deportivo,Gris,L,WeaveWave Fabrics
Pantalón Deportivo,Blanco,S,KnitNest Textile Co.
Pantalón de Vestir,Gris,XL,ThreadTide Textile Mill
Pantalón Deportivo,Verde,M,SilkStream Textiles
Shorts,Gris Oscuro,L,YarnYield Manufacturing
Leggings,Azul Claro,M,CottonCraft Works
Pantalón de Vestir,Negro,XL,FiberWorks Manufacturing
Pantalón Deportivo,Blanco,S,WeaveWave Fabrics
Leggings,Blanco,XL,YarnYield Manufacturing
Leggings,Blanco,XL,ThreadTide Textile Mill
Jeans,Blanco,M,ThreadTide Textile Mill
Shorts,Gris,M,TelaTech Factory
Jeans,Gris,S,TelaTech Factory
Jeans,Gris Oscuro,M,CottonCraft Works
Pantalón Deportivo,Gris,XL,LinenLoom Productions
Leggings,Negro,XL,WeaveWave Fabrics
Jeans,Azul,XL,DyeDreams Factory
Leggings,Verde,L,CottonCraft Works
Leggings,Gris,XL,FiberWorks Manufacturing
Jeans,Gris,M,FiberWorks Manufacturing
Pantalón Cargo,Blanco,L,YarnYield Manufacturing
Pantalón Deportivo,Azul Claro,S,LinenLoom Productions
Pantalón Cargo,Azul Claro,M,WeaveWave Fabrics
Jeans,Negro,S,WeaveWave Fabrics
Pantalón Cargo,Azul Claro,S,YarnYield Manufacturing
Pantalón Deportivo,Verde,M,TelaTech Factory
Shorts,Verde,S,WeaveWave Fabrics
Pantalón Deportivo,Gris,S,LinenLoom Productions
Shorts,Blanco,M,CottonCraft Works
Pantalón de Vestir,Gris Oscuro,XL,FiberWorks Manufacturing
Jeans,Verde,XL,DyeDreams Factory
Shorts,Negro,XL,SilkStream Textiles
Pantalón de Vestir,Negro,XL,TelaTech Factory
Jeans,Gris Oscuro,L,KnitNest Textile Co.
Pantalón Deportivo,Verde,XL,CottonCraft Works
Pantalón Deportivo,Negro,M,WeaveWave Fabrics
Leggings,Blanco,XL,YarnYield Manufacturing
Pantalón Cargo,Verde,S,DyeDreams Factory
Jeans,Verde,S,CottonCraft Works
Pantalón de Vestir,Azul Claro,XL,ThreadTide Textile Mill
Pantalón Cargo,Azul,S,KnitNest Textile Co.
Pantalón Cargo,Gris Oscuro,S,LinenLoom Productions
Leggings,Azul,XL,CottonCraft Works
Jeans,Gris,M,SilkStream Textiles
Shorts,Azul Claro,M,DyeDreams Factory
Pantalón Deportivo,Blanco,S,ThreadTide Textile Mill
Pantalón Deportivo,Verde,XL,TelaTech Factory
Shorts,Gris,L,KnitNest Textile Co.
Pantalón de Vestir,Azul,XL,LinenLoom Productions
Leggings,Gris,S,SilkStream Textiles
Leggings,Gris,XL,KnitNest Textile Co.
Pantalón de Vestir,Verde,M,LinenLoom Productions
Pantalón Cargo,Blanco,L,YarnYield Manufacturing
Shorts,Verde,L,SilkStream Textiles
Pantalón de Vestir,Blanco,S,TelaTech Factory
Pantalón de Vestir,Negro,S,DyeDreams Factory
Leggings,Azul Claro,L,CottonCraft Works
Pantalón de Vestir,Verde,M,ThreadTide Textile Mill
Shorts,Azul Claro,M,SilkStream Textiles
Leggings,Azul Claro,XL,YarnYield Manufacturing
Shorts,Azul Claro,XL,CottonCraft Works
Leggings,Blanco,S,FiberWorks Manufacturing
Pantalón Deportivo,Azul Claro,L,YarnYield Manufacturing
Jeans,Gris,XL,YarnYield Manufacturing
Leggings,Azul,L,SilkStream Textiles
Leggings,Gris,L,SilkStream Textiles
Pantalón Deportivo,Blanco,M,YarnYield Manufacturing
Shorts,Gris Oscuro,L,WeaveWave Fabrics
Pantalón de Vestir,Gris Oscuro,S,KnitNest Textile Co.
Shorts,Verde,XL,LinenLoom Productions
Leggings,Verde,S,ThreadTide Textile Mill
Pantalón Cargo,Azul,S,WeaveWave Fabrics
Shorts,Verde,L,DyeDreams Factory
Pantalón de Vestir,Azul,XL,YarnYield Manufacturing
Pantalón Cargo,Gris Oscuro,M,TelaTech Factory
Pantalón Cargo,Gris Oscuro,XL,FiberWorks Manufacturing
Leggings,Gris,XL,TelaTech Factory
Leggings,Verde,S,LinenLoom Productions
Pantalón de Vestir,Azul Claro,S,WeaveWave Fabrics
Jeans,Verde,M,WeaveWave Fabrics
Pantalón Deportivo,Verde,L,SilkStream Textiles
Leggings,Azul Claro,S,KnitNest Textile Co.
Leggings,Gris Oscuro,S,KnitNest Textile Co.
Leggings,Blanco,L,ThreadTide Textile Mill
Pantalón Cargo,Verde,XL,LinenLoom Productions
Shorts,Negro,L,CottonCraft Works
Pantalón Deportivo,Negro,S,SilkStream Textiles
Leggings,Verde,XL,YarnYield Manufacturing
Leggings,Gris,L,FiberWorks Manufacturing
Jeans,Azul Claro,XL,WeaveWave Fabrics
Jeans,Gris Oscuro,M,YarnYield Manufacturing
Pantalón de Vestir,Gris,M,LinenLoom Productions
Jeans,Gris,XL,LinenLoom Productions
Pantalón de Vestir,Azul,M,CottonCraft Works
Pantalón de Vestir,Gris,M,TelaTech Factory
Jeans,Gris Oscuro,S,YarnYield Manufacturing
Pantalón de Vestir,Blanco,M,FiberWorks Manufacturing
Pantalón de Vestir,Azul,XL,SilkStream Textiles
Pantalón Cargo,Verde,L,CottonCraft Works
Leggings,Verde,S,TelaTech Factory
Jeans,Blanco,S,KnitNest Textile Co.
Pantalón Cargo,Azul,L,ThreadTide Textile Mill
Pantalón de Vestir,Azul,L,WeaveWave Fabrics
Jeans,Gris,S,DyeDreams Factory
Pantalón Cargo,Azul,L,KnitNest Textile Co.
Shorts,Blanco,L,YarnYield Manufacturing
Pantalón Cargo,Gris Oscuro,XL,CottonCraft Works
Pantalón de Vestir,Blanco,M,WeaveWave Fabrics
Shorts,Azul Claro,L,CottonCraft Works
Shorts,Verde,L,YarnYield Manufacturing
Pantalón Deportivo,Gris,M,TelaTech Factory
Pantalón de Vestir,Azul,XL,TelaTech Factory
Leggings,Gris,XL,WeaveWave Fabrics
Shorts,Verde,XL,KnitNest Textile Co.
Shorts,Negro,XL,ThreadTide Textile Mill
Pantalón Deportivo,Azul,L,FiberWorks Manufacturing
Leggings,Negro,S,YarnYield Manufacturing
Pantalón de Vestir,Gris Oscuro,L,TelaTech Factory
Leggings,Gris Oscuro,S,KnitNest Textile Co.
Pantalón Cargo,Azul,L,CottonCraft Works
Pantalón de Vestir,Verde,XL,WeaveWave Fabrics
Pantalón Cargo,Verde,M,TelaTech Factory
Pantalón Deportivo,Gris Oscuro,S,LinenLoom Productions
Leggings,Azul,L,DyeDreams Factory
Shorts,Azul Claro,M,FiberWorks Manufacturing
Leggings,Azul,XL,YarnYield Manufacturing
Jeans,Azul Claro,XL,FiberWorks Manufacturing
Pantalón Cargo,Azul Claro,L,SilkStream Textiles
Leggings,Verde,L,YarnYield Manufacturing
Pantalón Cargo,Gris,XL,YarnYield Manufacturing
Jeans,Negro,XL,ThreadTide Textile Mill
Jeans,Azul,S,CottonCraft Works
Jeans,Azul,M,LinenLoom Productions
Jeans,Blanco,M,FiberWorks Manufacturing
Jeans,Azul Claro,S,SilkStream Textiles
Pantalón de Vestir,Azul,M,TelaTech Factory
Shorts,Azul,S,YarnYield Manufacturing
Jeans,Azul Claro,XL,CottonCraft Works
Pantalón Deportivo,Azul,M,CottonCraft Works
Shorts,Verde,S,YarnYield Manufacturing
Pantalón de Vestir,Azul Claro,L,ThreadTide Textile Mill
Leggings,Azul Claro,XL,CottonCraft Works
Pantalón Deportivo,Azul,XL,YarnYield Manufacturing
Jeans,Azul,M,KnitNest Textile Co.
Leggings,Blanco,XL,CottonCraft Works
Pantalón Deportivo,Gris,L,ThreadTide Textile Mill
Leggings,Gris Oscuro,XL,YarnYield Manufacturing
Pantalón Cargo,Verde,L,FiberWorks Manufacturing
Pantalón Deportivo,Gris Oscuro,L,KnitNest Textile Co.
Pantalón de Vestir,Blanco,S,SilkStream Textiles
Leggings,Azul,M,ThreadTide Textile Mill
Leggings,Blanco,XL,FiberWorks Manufacturing
Leggings,Blanco,XL,TelaTech Factory
Leggings,Gris,L,DyeDreams Factory
Pantalón de Vestir,Negro,XL,YarnYield Manufacturing
Pantalón de Vestir,Gris Oscuro,XL,DyeDreams Factory
Pantalón Deportivo,Verde,L,YarnYield Manufacturing
